dsc,dsr,mig,emp,hhinc
-454720.3277947243,-27089.043966506593,-127.54986755178226,-624.7149493365074,-62609.14614629808
