dsc,dsr,mig,emp,hhinc
-514792.78388065024,-30781.65443773842,-144.97383380980756,-709.2503005523299,-71708.69259961633
