dsc,dsr,mig,emp,hhinc
-352511.61997923936,-20880.976172076516,-98.8457528944752,-482.37556620905275,-47712.54985363938
