dsc,dsr,mig,emp,hhinc
-387747.29764275224,-23011.407922688835,-108.642346121179,-531.2607848776642,-52773.80671953177
